user_id,rating,problems_solved,contests_participated,win_rate,avg_solve_time_min,favorite_tag
user_0,1406,437,31,0.186,25.4,trees
user_1,1162,314,64,0.216,26.5,binary search
user_2,1471,326,19,0.135,36.3,binary search
user_3,1913,644,48,0.584,6.1,strings
user_4,1129,18,45,0.303,33.4,trees
user_5,1129,783,94,0.598,17.4,greedy
user_6,1946,82,55,0.12,26.1,greedy
user_7,1525,368,55,0.47,17.2,implementation
user_8,1052,232,97,0.366,34.6,implementation
user_9,1426,425,18,0.337,22.1,dp
user_10,1054,562,63,0.547,33.5,graphs
user_11,1053,379,92,0.21,29.4,math
user_12,1303,725,47,0.655,17.1,binary search
user_13,800,273,75,0.595,30.0,trees
user_14,800,699,57,0.393,18.4,binary search
user_15,1023,327,45,0.463,25.6,implementation
user_16,894,93,33,0.48,21.9,dp
user_17,1331,327,17,0.542,34.0,trees
user_18,922,120,70,0.363,30.4,trees
user_19,800,260,4,0.133,24.7,binary search
user_20,1881,392,20,0.439,18.1,graphs
user_21,1132,16,47,0.18,12.3,dp
user_22,1236,468,91,0.23,26.4,graphs
user_23,800,93,15,0.559,18.7,dp
user_24,1029,217,70,0.164,6.2,binary search
user_25,1252,399,47,0.568,11.7,dp
user_26,858,323,78,0.251,41.3,greedy
user_27,1356,31,75,0.297,18.4,trees
user_28,1012,419,9,0.419,35.8,math
user_29,1110,524,90,0.486,21.4,binary search
user_30,1011,136,16,0.701,37.4,strings
user_31,2112,709,69,0.575,36.7,math
user_32,1207,23,61,0.491,16.7,binary search
user_33,882,21,10,0.53,5.1,math
user_34,1551,96,50,0.726,6.0,greedy
user_35,840,533,3,0.419,16.9,math
user_36,1290,546,77,0.153,43.9,dp
user_37,800,310,94,0.472,20.9,implementation
user_38,813,252,70,0.582,26.5,math
user_39,1285,131,81,0.554,38.0,binary search
user_40,1512,156,51,0.36,26.1,strings
user_41,1275,576,19,0.573,25.8,strings
user_42,1170,759,42,0.309,31.2,implementation
user_43,1107,365,35,0.13,27.9,graphs
user_44,800,694,46,0.611,24.0,implementation
user_45,976,742,26,0.616,17.8,trees
user_46,1055,640,69,0.423,25.8,math
user_47,1664,318,93,0.165,35.9,strings
user_48,1343,704,64,0.627,42.8,implementation
user_49,800,297,37,0.531,27.9,math
user_50,1335,316,84,0.926,32.6,trees
user_51,1079,603,49,0.477,27.7,strings
user_52,989,732,21,0.037,24.1,trees
user_53,1456,671,74,0.169,30.1,math
user_54,1651,558,64,0.134,36.9,binary search
user_55,1602,361,5,0.031,16.1,math
user_56,942,321,70,0.532,10.5,implementation
user_57,1104,68,90,0.693,19.7,trees
user_58,1338,652,4,0.123,27.1,binary search
user_59,1624,723,39,0.294,33.7,binary search
user_60,1049,764,35,0.561,15.1,graphs
user_61,1146,44,1,0.433,5.0,strings
user_62,869,454,24,0.005,19.9,dp
user_63,846,102,57,0.272,23.1,binary search
user_64,1546,216,70,0.249,13.4,trees
user_65,1820,362,41,0.36,17.4,strings
user_66,1186,341,54,0.423,33.7,greedy
user_67,1637,734,46,0.693,25.8,math
user_68,1350,168,60,0.203,28.5,implementation
user_69,998,33,60,0.184,21.4,trees
user_70,1350,413,57,0.489,17.5,greedy
user_71,1922,525,31,0.087,21.4,trees
user_72,1199,741,84,0.492,30.0,math
user_73,1937,373,24,0.575,10.1,graphs
user_74,800,391,89,0.316,41.5,trees
user_75,1550,541,36,0.207,30.7,binary search
user_76,1244,161,85,0.384,19.6,dp
user_77,1107,571,30,0.513,33.1,binary search
user_78,1245,698,24,0.06,37.2,math
user_79,800,617,30,0.557,21.7,trees
user_80,1134,626,86,0.482,22.8,dp
user_81,1349,429,92,0.559,39.9,binary search
user_82,1888,259,7,0.482,46.2,dp
user_83,1037,126,35,0.202,25.3,implementation
user_84,950,521,55,0.386,13.4,math
user_85,1042,749,92,0.637,20.3,graphs
user_86,1594,587,14,0.489,35.3,graphs
user_87,1337,344,10,0.105,14.7,trees
user_88,1033,427,80,0.41,22.9,binary search
user_89,1413,783,16,0.277,27.9,greedy
user_90,1247,304,54,0.453,15.8,math
user_91,1620,764,95,0.265,36.0,binary search
user_92,981,380,89,0.243,31.9,binary search
user_93,1098,195,77,0.487,45.1,graphs
user_94,1077,255,70,0.464,32.8,trees
user_95,800,646,44,0.341,15.4,dp
user_96,1324,277,73,0.657,30.3,math
user_97,1310,652,45,0.635,34.9,implementation
user_98,1213,246,56,0.192,35.4,dp
user_99,1129,539,84,0.744,17.2,strings
user_100,800,561,82,0.59,16.0,strings
user_101,1068,30,57,0.038,13.6,math
user_102,1093,746,21,0.097,41.0,trees
user_103,952,529,68,0.529,31.2,greedy
user_104,1154,109,50,0.322,16.8,strings
user_105,1368,761,33,0.068,26.3,graphs
user_106,2134,487,91,0.328,23.8,greedy
user_107,1277,608,7,0.173,15.3,binary search
user_108,1309,307,70,0.404,25.4,strings
user_109,1185,535,15,0.7,26.9,graphs
user_110,800,343,82,0.677,44.3,binary search
user_111,1202,11,32,0.528,18.4,greedy
user_112,1234,384,75,0.051,7.9,math
user_113,2537,302,20,0.81,14.5,binary search
user_114,1144,562,88,0.316,16.1,dp
user_115,1326,327,15,0.325,20.7,math
user_116,1199,511,48,0.63,14.5,math
user_117,853,390,71,0.607,33.2,greedy
user_118,1707,632,21,0.654,13.8,greedy
user_119,1518,23,42,0.798,25.2,graphs
user_120,1536,513,26,0.537,45.0,graphs
user_121,922,240,14,0.286,30.5,dp
user_122,1846,93,57,0.254,29.5,math
user_123,800,139,37,0.564,43.6,implementation
user_124,1445,752,58,0.563,37.5,trees
user_125,2338,154,21,0.33,30.7,dp
user_126,900,37,82,0.519,21.9,dp
user_127,1022,75,69,0.302,24.8,trees
user_128,1248,172,3,0.609,24.3,trees
user_129,1042,238,87,0.883,21.0,trees
user_130,800,270,90,0.237,27.1,greedy
user_131,1237,458,37,0.597,28.5,dp
user_132,881,433,88,0.501,12.6,dp
user_133,1396,469,49,0.589,41.3,binary search
user_134,919,685,19,0.416,29.1,trees
user_135,1929,310,89,0.409,22.4,trees
user_136,958,312,85,0.347,27.2,graphs
user_137,1100,296,12,0.108,34.3,graphs
user_138,1546,404,61,0.809,10.3,math
user_139,837,19,41,0.366,23.9,graphs
user_140,1297,716,33,0.455,13.1,strings
user_141,1793,639,50,0.365,51.6,math
user_142,800,279,68,0.309,26.4,implementation
user_143,1280,601,71,0.579,13.2,trees
user_144,1310,614,86,0.367,60.0,binary search
user_145,1532,787,33,0.579,19.6,graphs
user_146,836,370,81,0.752,22.9,binary search
user_147,815,266,24,0.797,23.6,graphs
user_148,1417,142,61,0.306,16.5,graphs
user_149,1324,285,61,0.608,27.5,binary search
user_150,1306,785,98,0.33,5.0,dp
user_151,1344,692,28,0.462,35.9,dp
user_152,988,522,58,0.52,13.7,dp
user_153,1299,322,43,0.421,20.8,strings
user_154,1323,585,41,0.397,32.5,dp
user_155,978,293,39,0.497,23.0,graphs
user_156,2121,130,86,0.043,23.4,trees
user_157,1397,116,49,0.122,14.9,greedy
user_158,847,696,17,0.223,46.0,binary search
user_159,1475,213,98,0.673,30.3,trees
user_160,904,174,70,0.149,14.2,greedy
user_161,1534,314,70,0.855,26.8,trees
user_162,1715,506,98,0.425,13.5,strings
user_163,947,641,65,0.537,42.2,greedy
user_164,1618,565,74,0.908,27.0,implementation
user_165,1371,165,85,0.169,15.2,math
user_166,1550,376,5,0.108,32.0,dp
user_167,2141,728,2,0.214,22.2,implementation
user_168,1125,629,22,0.399,12.1,strings
user_169,966,260,57,0.115,28.8,trees
user_170,928,343,66,0.319,28.5,graphs
user_171,948,651,74,0.174,36.4,dp
user_172,1184,520,98,0.769,25.6,implementation
user_173,1342,302,16,0.367,26.1,dp
user_174,1316,29,51,0.351,26.6,greedy
user_175,1553,291,39,0.066,41.0,math
user_176,1216,10,86,0.355,21.9,dp
user_177,1874,128,76,0.361,29.7,trees
user_178,1119,44,88,0.346,31.2,trees
user_179,2740,207,40,0.257,28.5,binary search
user_180,1462,494,38,0.379,21.5,binary search
user_181,937,766,60,0.533,26.2,dp
user_182,878,68,59,0.448,24.1,greedy
user_183,1400,170,10,0.578,44.6,greedy
user_184,1133,700,99,0.499,20.4,graphs
user_185,1501,215,64,0.333,15.9,strings
user_186,1396,21,63,0.59,24.9,strings
user_187,1185,499,49,0.055,24.2,implementation
user_188,940,285,64,0.571,27.0,strings
user_189,800,702,32,0.332,20.4,math
user_190,1060,251,7,0.538,26.1,greedy
user_191,1567,225,21,0.276,26.3,graphs
user_192,1292,260,20,0.324,34.1,binary search
user_193,834,135,26,0.154,25.9,trees
user_194,1276,226,68,0.662,26.0,strings
user_195,1360,315,86,0.363,30.2,binary search
user_196,929,194,15,0.464,33.7,binary search
user_197,1269,48,85,0.58,15.2,dp
user_198,1233,232,79,0.248,12.5,math
user_199,860,193,86,0.2,42.0,graphs
user_200,1349,504,92,0.927,32.0,math
user_201,1434,436,14,0.379,22.8,dp
user_202,1677,187,27,0.287,25.2,graphs
user_203,1662,437,40,0.337,21.1,graphs
user_204,801,303,58,0.163,27.1,greedy
user_205,914,160,28,0.421,15.3,math
user_206,1414,393,26,0.738,33.4,math
user_207,1413,647,63,0.459,26.8,greedy
user_208,1414,317,66,0.143,27.1,implementation
user_209,3500,345,25,0.577,16.1,binary search
user_210,1438,755,3,0.542,30.2,dp
user_211,1703,384,72,0.543,16.3,math
user_212,1613,17,44,0.249,18.1,greedy
user_213,1473,350,97,0.643,25.9,trees
user_214,1102,138,42,0.693,50.1,implementation
user_215,1521,785,99,0.514,26.7,graphs
user_216,961,678,6,0.316,5.0,strings
user_217,1128,361,39,0.362,18.6,trees
user_218,1047,367,52,0.321,31.8,greedy
user_219,1242,526,23,0.236,13.7,strings
user_220,2426,504,89,0.546,33.3,binary search
user_221,800,95,50,0.753,26.6,dp
user_222,1489,184,43,0.365,34.9,strings
user_223,800,202,19,0.175,19.4,implementation
user_224,1051,320,69,0.306,18.6,binary search
user_225,1680,128,51,0.577,30.6,strings
user_226,1235,227,11,0.201,24.9,graphs
user_227,877,436,12,0.54,24.3,graphs
user_228,977,423,74,0.568,40.7,implementation
user_229,1486,123,8,0.57,31.0,graphs
user_230,973,154,24,0.486,5.1,graphs
user_231,1293,547,92,0.289,33.0,greedy
user_232,1228,657,41,0.39,32.0,graphs
user_233,996,312,36,0.503,36.8,trees
user_234,2305,753,85,0.284,15.6,graphs
user_235,1465,597,72,0.314,28.2,trees
user_236,800,354,55,0.058,26.1,greedy
user_237,1281,10,9,0.533,15.4,graphs
user_238,993,156,47,0.09,34.5,implementation
user_239,1565,296,15,0.281,22.6,binary search
user_240,955,663,48,0.767,36.5,implementation
user_241,1170,62,82,0.533,17.6,binary search
user_242,1410,313,42,0.669,10.4,math
user_243,1571,78,60,0.514,22.6,binary search
user_244,845,370,84,0.506,27.3,dp
user_245,1096,611,70,0.616,19.7,dp
user_246,1051,229,12,0.204,5.0,dp
user_247,996,713,2,0.422,28.8,greedy
user_248,2058,584,7,0.646,28.8,implementation
user_249,1368,594,80,0.306,31.9,binary search
user_250,830,170,3,0.502,21.2,implementation
user_251,1596,690,3,0.105,20.6,trees
user_252,2290,98,27,0.669,39.4,dp
user_253,1651,697,40,0.511,9.2,math
user_254,800,790,33,0.541,22.5,greedy
user_255,1048,594,92,0.671,26.4,math
user_256,1772,766,1,0.357,31.1,binary search
user_257,980,598,8,0.231,26.7,graphs
user_258,1384,168,32,0.232,15.8,math
user_259,1529,498,48,0.349,36.7,graphs
user_260,917,333,4,0.343,25.0,greedy
user_261,1190,619,94,0.405,8.3,math
user_262,800,390,70,0.291,27.1,math
user_263,891,111,19,0.591,29.8,strings
user_264,1123,503,32,0.246,44.6,greedy
user_265,833,653,9,0.481,29.1,greedy
user_266,1977,623,12,0.137,10.2,dp
user_267,800,28,11,0.416,10.5,binary search
user_268,1062,463,46,0.481,37.6,math
user_269,1260,491,16,0.286,17.0,implementation
user_270,1867,603,1,0.513,9.5,math
user_271,800,406,63,0.686,35.0,trees
user_272,1718,288,21,0.38,20.2,greedy
user_273,1215,374,30,0.135,34.5,implementation
user_274,902,340,13,0.463,15.9,greedy
user_275,1392,650,34,0.311,39.7,binary search
user_276,1286,353,4,0.323,33.7,greedy
user_277,1012,464,28,0.181,17.8,graphs
user_278,1237,610,95,0.557,8.4,graphs
user_279,1079,734,59,0.227,48.1,strings
user_280,1253,664,27,0.255,22.9,graphs
user_281,1478,74,69,0.326,17.4,graphs
user_282,1950,85,25,0.278,38.9,binary search
user_283,836,720,3,0.092,34.5,math
user_284,2298,152,97,0.226,36.8,graphs
user_285,800,614,68,0.502,24.0,implementation
user_286,1158,482,25,0.361,43.8,strings
user_287,1445,426,20,0.227,11.9,greedy
user_288,1318,314,34,0.161,19.5,graphs
user_289,1005,745,26,0.618,28.9,strings
user_290,1138,506,5,0.356,36.7,binary search
user_291,1045,300,99,0.606,31.6,trees
user_292,1015,111,61,0.361,24.2,trees
user_293,1563,276,92,0.267,20.2,trees
user_294,1348,631,93,0.207,36.7,greedy
user_295,984,786,9,0.428,32.6,strings
user_296,1587,12,50,0.022,16.3,graphs
user_297,1329,94,6,0.804,16.0,math
user_298,1546,337,83,0.47,19.5,greedy
user_299,1463,459,60,0.525,18.3,greedy
user_300,945,463,44,0.414,35.3,trees
user_301,1024,638,11,0.232,29.4,math
user_302,1516,230,66,0.462,30.6,trees
user_303,1455,163,47,0.319,26.9,greedy
user_304,1204,674,73,0.539,27.4,graphs
user_305,1255,21,85,0.407,9.2,trees
user_306,1778,142,88,0.722,32.9,trees
user_307,1014,313,98,0.124,19.4,implementation
user_308,1428,302,86,0.606,24.7,trees
user_309,1140,309,3,0.544,20.3,greedy
user_310,1135,749,76,0.406,26.5,graphs
user_311,1685,792,92,0.364,30.7,math
user_312,1552,52,30,0.237,14.9,dp
user_313,1546,352,90,0.624,27.5,math
user_314,1792,335,21,0.889,20.5,graphs
user_315,1219,507,28,0.225,38.2,binary search
user_316,1487,373,90,0.881,13.9,trees
user_317,1104,436,62,0.317,15.0,math
user_318,1335,30,33,0.677,21.4,binary search
user_319,1165,416,85,0.5,15.7,binary search
user_320,1247,628,35,0.343,22.8,graphs
user_321,1448,345,52,0.353,19.7,graphs
user_322,948,126,34,0.228,25.9,implementation
user_323,2270,133,41,0.724,35.1,trees
user_324,896,408,51,0.491,25.7,dp
user_325,841,724,47,0.374,26.6,strings
user_326,1715,60,82,0.412,14.4,greedy
user_327,1536,792,58,0.672,23.7,math
user_328,1461,333,75,0.29,20.8,graphs
user_329,1463,798,57,0.302,31.8,math
user_330,1207,150,23,0.386,17.4,strings
user_331,925,479,48,0.205,16.4,strings
user_332,1239,796,22,0.346,28.2,trees
user_333,989,343,17,0.242,44.8,binary search
user_334,1623,382,69,0.407,23.2,trees
user_335,1159,573,11,0.716,26.7,greedy
user_336,946,503,94,0.553,34.5,dp
user_337,1100,548,15,0.146,30.1,math
user_338,1371,678,91,0.038,30.2,greedy
user_339,1023,760,35,0.495,24.0,implementation
user_340,947,165,33,0.054,24.2,dp
user_341,1303,300,84,0.715,17.4,math
user_342,1304,657,16,0.194,29.9,greedy
user_343,1040,153,34,0.227,29.6,graphs
user_344,1052,115,66,0.509,32.2,math
user_345,1299,429,99,0.374,20.1,greedy
user_346,800,679,40,0.378,33.3,strings
user_347,800,667,28,0.236,36.3,dp
user_348,976,11,47,0.644,12.9,greedy
user_349,1136,598,39,0.249,22.0,graphs
user_350,1330,653,70,0.408,36.8,trees
user_351,1886,99,73,0.19,18.5,math
user_352,1567,354,20,0.109,30.3,implementation
user_353,1155,359,1,0.573,25.1,math
user_354,1205,468,72,0.532,28.3,math
user_355,897,272,87,0.332,25.4,graphs
user_356,1205,360,63,0.312,32.5,dp
user_357,1111,117,67,0.194,14.8,math
user_358,1335,595,4,0.546,15.9,dp
user_359,945,48,58,0.219,39.6,greedy
user_360,1416,168,25,0.512,46.0,strings
user_361,1919,592,47,0.512,24.9,implementation
user_362,1173,321,38,0.357,42.2,strings
user_363,1367,250,15,0.294,17.3,dp
user_364,1490,454,63,0.496,19.7,dp
user_365,1074,307,21,0.324,39.6,strings
user_366,1296,45,99,0.443,33.0,math
user_367,1216,93,57,0.345,41.1,binary search
user_368,1248,461,53,0.301,29.7,binary search
user_369,961,784,46,0.772,14.9,graphs
user_370,1220,394,14,0.533,27.2,implementation
user_371,1407,181,76,0.408,37.0,trees
user_372,1873,385,17,0.331,23.7,strings
user_373,1616,694,39,0.194,22.1,strings
user_374,2312,371,9,0.314,29.8,graphs
user_375,962,568,99,0.046,19.4,implementation
user_376,1574,150,77,0.589,28.0,binary search
user_377,1280,127,79,0.251,25.6,greedy
user_378,2337,286,82,0.703,20.1,math
user_379,950,735,97,0.282,34.8,math
user_380,942,229,6,0.546,31.5,greedy
user_381,1012,35,91,0.433,21.5,greedy
user_382,800,530,23,0.393,24.9,implementation
user_383,1035,792,59,0.033,22.3,binary search
user_384,965,19,91,0.565,18.6,graphs
user_385,1267,387,98,0.61,8.0,greedy
user_386,1342,642,46,0.313,20.2,graphs
user_387,2127,646,38,0.461,18.8,implementation
user_388,1611,691,14,0.381,26.1,trees
user_389,1019,593,72,0.416,29.4,dp
user_390,925,161,62,0.098,17.0,math
user_391,1404,729,35,0.521,28.7,binary search
user_392,815,58,19,0.37,15.4,math
user_393,2099,163,30,0.442,23.7,binary search
user_394,1726,302,78,0.412,19.0,implementation
user_395,1052,589,84,0.419,32.5,dp
user_396,800,59,25,0.471,26.2,math
user_397,1819,673,40,0.615,23.9,dp
user_398,1171,540,88,0.328,18.7,implementation
user_399,1756,621,14,0.17,21.7,binary search
user_400,800,69,26,0.212,43.3,greedy
user_401,1012,176,87,0.446,20.0,trees
user_402,1213,211,22,0.649,29.8,math
user_403,1229,155,48,0.349,23.9,dp
user_404,1058,685,83,0.367,29.5,strings
user_405,1460,448,51,0.888,33.4,math
user_406,879,251,3,0.845,21.5,math
user_407,1161,590,42,0.149,32.1,math
user_408,1256,696,19,0.598,52.6,graphs
user_409,1414,570,73,0.515,30.7,dp
user_410,1500,492,28,0.057,41.1,dp
user_411,864,117,84,0.396,29.8,math
user_412,800,235,45,0.547,15.7,implementation
user_413,1778,682,71,0.517,27.8,implementation
user_414,1339,640,78,0.552,21.7,greedy
user_415,968,670,63,0.554,19.0,math
user_416,1930,671,73,0.33,24.3,graphs
user_417,1254,441,19,0.052,23.5,binary search
user_418,1726,664,47,0.231,14.4,graphs
user_419,1236,428,14,0.179,52.1,implementation
user_420,2248,464,38,0.143,33.1,greedy
user_421,2052,169,53,0.571,27.4,implementation
user_422,1124,532,61,0.266,25.9,implementation
user_423,1622,659,36,0.27,37.0,implementation
user_424,1470,599,40,0.466,45.8,math
user_425,1827,86,81,0.101,31.9,implementation
user_426,907,518,30,0.548,26.2,dp
user_427,1488,450,9,0.66,39.7,trees
user_428,1664,263,64,0.079,26.4,strings
user_429,800,779,33,0.683,29.4,math
user_430,849,329,52,0.179,35.0,greedy
user_431,800,272,89,0.228,21.1,dp
user_432,1117,606,14,0.638,5.0,graphs
user_433,1503,667,75,0.526,20.6,implementation
user_434,1902,563,53,0.579,32.7,binary search
user_435,1239,383,99,0.421,32.0,binary search
user_436,1975,646,59,0.203,38.4,trees
user_437,801,176,78,0.379,21.0,math
user_438,800,762,94,0.34,40.8,graphs
user_439,1191,468,41,0.604,26.9,trees
user_440,1359,289,68,0.656,31.0,strings
user_441,1200,709,68,0.355,34.0,strings
user_442,800,311,92,0.252,11.2,trees
user_443,1179,540,8,0.362,15.0,greedy
user_444,819,589,2,0.663,14.6,binary search
user_445,1481,227,86,0.565,35.7,graphs
user_446,1352,111,41,0.248,21.9,math
user_447,914,563,55,0.649,45.3,implementation
user_448,1038,297,16,0.299,25.0,dp
user_449,882,176,93,0.399,10.3,math
user_450,1189,630,62,0.207,18.3,math
user_451,1614,45,48,0.468,26.2,graphs
user_452,901,753,30,0.419,30.2,binary search
user_453,1409,750,12,0.137,15.2,graphs
user_454,1033,362,35,0.399,30.7,dp
user_455,955,685,11,0.256,33.4,trees
user_456,1173,82,64,0.505,18.6,graphs
user_457,888,657,50,0.372,44.7,greedy
user_458,1026,362,85,0.372,19.7,math
user_459,846,79,21,0.067,15.0,binary search
user_460,2185,434,69,0.164,9.7,implementation
user_461,1224,717,48,0.659,37.2,strings
user_462,982,790,20,0.531,25.2,dp
user_463,1292,570,67,0.279,20.2,strings
user_464,1171,651,44,0.165,10.3,math
user_465,1134,526,33,0.246,21.1,graphs
user_466,1457,437,73,0.213,48.8,strings
user_467,1521,548,61,0.409,5.0,greedy
user_468,1033,169,9,0.222,18.7,graphs
user_469,1019,158,68,0.093,42.9,math
user_470,1115,785,35,0.387,37.5,strings
user_471,800,239,81,0.388,19.3,implementation
user_472,800,721,98,0.293,27.0,trees
user_473,1826,571,88,0.057,29.6,dp
user_474,1985,76,96,0.499,26.3,strings
user_475,1124,390,65,0.287,42.8,implementation
user_476,1440,67,8,0.567,28.4,trees
user_477,1330,268,45,0.239,36.4,trees
user_478,3052,351,87,0.014,26.8,strings
user_479,1695,139,47,0.585,5.0,binary search
user_480,1166,736,40,0.202,13.1,strings
user_481,909,181,76,0.088,15.2,math
user_482,800,779,54,0.475,22.5,trees
user_483,1288,623,76,0.547,45.8,dp
user_484,965,218,46,0.192,28.6,math
user_485,800,363,47,0.559,23.9,greedy
user_486,998,480,15,0.73,37.4,graphs
user_487,876,125,19,0.543,10.5,strings
user_488,2010,273,26,0.509,20.1,binary search
user_489,1578,671,52,0.444,18.6,dp
user_490,1209,451,93,0.441,29.0,binary search
user_491,1889,557,22,0.529,34.0,binary search
user_492,1240,462,21,0.085,29.7,binary search
user_493,935,486,51,0.301,29.9,strings
user_494,1913,296,38,0.891,21.4,dp
user_495,1424,312,20,0.341,28.2,dp
user_496,887,320,29,0.122,16.6,trees
user_497,1144,217,51,0.476,31.7,binary search
user_498,931,627,4,0.104,20.0,trees
user_499,800,455,55,0.383,13.8,trees
user_500,1600,679,71,0.352,25.4,graphs
user_501,2149,642,92,0.563,5.9,strings
user_502,800,64,28,0.249,39.7,strings
user_503,1434,21,4,0.033,33.0,math
user_504,997,666,22,0.398,28.4,implementation
user_505,1047,409,76,0.525,8.8,trees
user_506,1014,657,45,0.51,18.0,strings
user_507,935,524,67,0.066,25.4,binary search
user_508,1229,665,86,0.44,22.4,implementation
user_509,944,551,66,0.3,8.1,greedy
user_510,1314,246,88,0.322,11.8,binary search
user_511,1193,288,34,0.07,22.2,dp
user_512,1128,357,91,0.131,12.2,strings
user_513,923,636,55,0.3,38.7,implementation
user_514,1019,113,1,0.024,29.9,strings
user_515,1520,639,72,0.627,17.0,math
user_516,1408,526,87,0.012,36.7,trees
user_517,903,257,38,0.275,34.7,greedy
user_518,1248,373,6,0.436,27.9,strings
user_519,1518,330,86,0.456,24.6,math
user_520,800,642,25,0.296,22.0,math
user_521,1426,295,82,0.07,19.6,greedy
user_522,993,158,17,0.121,11.6,binary search
user_523,1438,93,61,0.769,40.3,binary search
user_524,963,415,12,0.43,19.8,binary search
user_525,800,465,6,0.742,25.3,graphs
user_526,800,752,90,0.429,15.9,trees
user_527,1229,170,27,0.711,22.4,implementation
user_528,1310,793,8,0.581,53.5,trees
user_529,923,469,83,0.219,17.7,binary search
user_530,1467,559,65,0.42,39.5,greedy
user_531,800,509,57,0.177,24.7,graphs
user_532,1188,747,93,0.166,31.8,trees
user_533,842,518,99,0.198,37.4,binary search
user_534,996,663,40,0.576,27.7,graphs
user_535,1229,490,14,0.24,21.5,implementation
user_536,936,672,35,0.392,23.1,greedy
user_537,1079,123,48,0.255,23.5,binary search
user_538,1639,758,84,0.258,43.6,implementation
user_539,1019,587,56,0.644,10.2,dp
user_540,1557,370,49,0.596,7.3,implementation
user_541,863,350,13,0.643,8.0,strings
user_542,1420,779,61,0.736,16.1,greedy
user_543,1867,770,49,0.343,32.0,implementation
user_544,800,458,46,0.215,32.6,implementation
user_545,954,189,62,0.497,18.9,math
user_546,1441,711,8,0.214,24.7,math
user_547,1140,416,43,0.35,13.8,implementation
user_548,1354,675,20,0.317,14.8,implementation
user_549,1011,205,97,0.151,30.8,greedy
user_550,1243,475,90,0.67,35.5,math
user_551,1156,320,39,0.372,20.2,trees
user_552,1720,271,85,0.614,41.4,greedy
user_553,1308,428,49,0.429,34.7,dp
user_554,1341,415,64,0.634,40.9,greedy
user_555,1071,152,62,0.232,22.0,binary search
user_556,1047,351,54,0.774,40.2,binary search
user_557,1064,325,9,0.664,46.8,graphs
user_558,1364,110,88,0.131,20.9,math
user_559,1068,253,37,0.393,23.5,implementation
user_560,1322,499,49,0.206,15.5,strings
user_561,2258,21,41,0.816,13.6,math
user_562,1573,248,17,0.842,13.7,trees
user_563,1099,570,88,0.816,16.9,greedy
user_564,1737,51,21,0.495,27.7,strings
user_565,1072,687,51,0.416,17.3,strings
user_566,800,603,59,0.441,27.4,implementation
user_567,895,438,39,0.618,27.6,implementation
user_568,800,167,55,0.188,20.3,math
user_569,1090,225,41,0.446,24.4,strings
user_570,1218,679,39,0.555,19.7,strings
user_571,2004,471,13,0.767,21.9,binary search
user_572,1336,143,64,0.494,16.9,dp
user_573,1134,76,11,0.765,25.8,implementation
user_574,1554,16,19,0.842,19.0,greedy
user_575,800,535,11,0.314,13.3,math
user_576,1300,82,77,0.461,30.9,implementation
user_577,1527,408,46,0.439,31.3,binary search
user_578,800,414,45,0.501,36.1,trees
user_579,1708,684,1,0.379,14.8,implementation
user_580,1341,587,40,0.454,20.2,trees
user_581,1069,139,19,0.092,27.3,graphs
user_582,1465,475,76,0.443,20.0,strings
user_583,2395,215,72,0.503,30.7,strings
user_584,1279,797,72,0.524,30.0,math
user_585,1305,777,61,0.194,29.8,dp
user_586,1055,275,12,0.696,39.6,dp
user_587,939,546,61,0.507,31.4,math
user_588,1554,262,33,0.499,26.5,math
user_589,937,298,45,0.246,23.1,binary search
user_590,1238,173,90,0.426,23.8,trees
user_591,1050,104,92,0.324,14.4,math
user_592,1399,791,69,0.692,7.3,trees
user_593,1339,119,8,0.146,29.6,implementation
user_594,1654,345,25,0.458,37.2,implementation
user_595,1040,247,91,0.255,21.7,graphs
user_596,1117,390,46,0.335,40.9,trees
user_597,903,445,87,0.322,23.2,binary search
user_598,1060,492,30,0.245,5.5,implementation
user_599,1357,34,47,0.099,34.2,strings
user_600,1520,662,87,0.536,20.2,strings
user_601,919,126,49,0.217,35.1,implementation
user_602,1573,491,47,0.489,12.2,implementation
user_603,1820,401,84,0.428,29.1,implementation
user_604,1372,546,82,0.243,17.0,trees
user_605,2128,88,18,0.138,27.0,strings
user_606,960,589,66,0.526,32.7,strings
user_607,834,182,68,0.371,30.3,greedy
user_608,800,21,94,0.329,25.7,implementation
user_609,1898,137,33,0.24,11.2,graphs
user_610,1474,617,36,0.469,32.3,implementation
user_611,1191,101,82,0.617,35.3,binary search
user_612,1318,662,19,0.015,14.6,binary search
user_613,864,552,28,0.183,16.0,strings
user_614,2524,541,40,0.357,35.7,implementation
user_615,1259,667,84,0.388,22.9,dp
user_616,1252,456,97,0.544,16.3,binary search
user_617,1506,399,76,0.372,27.7,implementation
user_618,1400,681,15,0.697,18.6,graphs
user_619,1296,52,41,0.574,26.6,math
user_620,956,263,39,0.399,20.9,implementation
user_621,1396,139,2,0.362,21.7,graphs
user_622,2131,69,63,0.689,36.1,strings
user_623,1814,672,29,0.332,5.0,strings
user_624,1954,476,74,0.413,30.5,greedy
user_625,1039,296,66,0.065,34.5,trees
user_626,900,526,51,0.041,18.8,binary search
user_627,1167,476,75,0.768,34.4,trees
user_628,1232,787,77,0.365,15.4,implementation
user_629,1682,354,10,0.477,18.4,trees
user_630,800,651,14,0.214,17.2,binary search
user_631,1917,391,82,0.625,34.5,binary search
user_632,1155,788,51,0.272,7.6,implementation
user_633,1066,699,73,0.617,41.4,strings
user_634,894,262,39,0.356,22.0,binary search
user_635,800,65,28,0.4,31.1,dp
user_636,1551,472,3,0.478,30.3,dp
user_637,1238,466,84,0.489,26.5,math
user_638,823,92,70,0.532,19.0,binary search
user_639,821,108,27,0.165,37.4,greedy
user_640,1095,158,2,0.312,19.9,math
user_641,1999,338,93,0.766,17.7,strings
user_642,1121,165,38,0.136,33.8,binary search
user_643,800,199,3,0.337,26.5,dp
user_644,1125,503,16,0.264,38.6,greedy
user_645,1116,272,94,0.327,24.4,implementation
user_646,800,89,40,0.338,18.5,math
user_647,1192,409,2,0.283,27.7,greedy
user_648,1130,773,81,0.538,20.5,binary search
user_649,1493,618,41,0.298,18.8,graphs
user_650,2110,269,12,0.176,33.3,greedy
user_651,1699,781,35,0.512,43.3,greedy
user_652,1118,624,65,0.043,22.5,strings
user_653,869,561,55,0.048,15.3,dp
user_654,2622,794,45,0.243,23.5,implementation
user_655,1233,110,79,0.558,30.1,binary search
user_656,1217,368,90,0.599,27.6,greedy
user_657,1203,389,85,0.292,36.9,binary search
user_658,1286,230,62,0.136,31.7,dp
user_659,1160,429,49,0.455,14.0,strings
user_660,1020,133,95,0.112,20.1,binary search
user_661,1028,431,25,0.524,11.2,trees
user_662,1200,240,23,0.066,36.4,dp
user_663,1029,699,24,0.485,5.1,dp
user_664,978,72,38,0.336,12.2,implementation
user_665,1251,494,28,0.598,19.9,math
user_666,1122,637,21,0.276,30.6,strings
user_667,1903,712,54,0.349,19.8,strings
user_668,800,583,18,0.298,21.3,implementation
user_669,1681,777,36,0.538,21.5,trees
user_670,1761,492,99,0.218,26.7,binary search
user_671,800,528,45,0.686,12.8,graphs
user_672,1093,164,73,0.156,15.5,trees
user_673,1084,101,53,0.822,41.8,math
user_674,800,535,30,0.504,29.0,strings
user_675,959,464,60,0.266,32.6,dp
user_676,868,750,98,0.222,25.6,strings
user_677,2050,607,32,0.549,23.6,trees
user_678,1604,654,67,0.139,29.6,graphs
user_679,1774,519,67,0.725,32.3,greedy
user_680,1504,192,28,0.255,33.5,greedy
user_681,863,395,44,0.205,23.7,implementation
user_682,1035,583,79,0.538,34.6,strings
user_683,1403,740,41,0.72,5.0,strings
user_684,839,414,63,0.463,33.9,math
user_685,1501,255,23,0.106,20.7,strings
user_686,1127,751,75,0.503,30.5,graphs
user_687,1083,600,48,0.768,18.5,strings
user_688,1500,670,32,0.326,11.7,binary search
user_689,1384,659,57,0.419,28.4,trees
user_690,1087,480,33,0.201,10.0,implementation
user_691,1716,432,24,0.376,21.0,graphs
user_692,876,74,39,0.61,16.9,math
user_693,1457,22,34,0.393,23.2,binary search
user_694,1447,222,56,0.409,33.0,binary search
user_695,1104,251,28,0.189,20.1,trees
user_696,1336,502,37,0.455,28.1,greedy
user_697,832,222,7,0.574,32.4,graphs
user_698,1599,702,68,0.477,18.9,trees
user_699,1146,347,37,0.433,19.1,binary search
user_700,1036,182,56,0.253,38.7,math
user_701,1660,681,65,0.378,24.2,trees
user_702,981,173,65,0.423,30.1,greedy
user_703,800,474,47,0.129,30.0,binary search
user_704,800,506,20,0.22,13.0,trees
user_705,1453,709,19,0.526,17.4,graphs
user_706,825,404,29,0.467,28.8,greedy
user_707,2051,712,74,0.198,5.0,graphs
user_708,800,317,60,0.572,22.9,graphs
user_709,2016,777,18,0.542,16.3,graphs
user_710,1291,192,92,0.368,36.1,trees
user_711,1177,638,35,0.518,28.5,greedy
user_712,1029,519,43,0.189,36.9,trees
user_713,1366,717,95,0.419,24.6,trees
user_714,1198,555,91,0.336,23.9,trees
user_715,1687,573,11,0.494,22.0,binary search
user_716,1254,633,49,0.692,20.0,strings
user_717,1267,773,38,0.246,51.8,dp
user_718,1086,603,64,0.183,33.1,binary search
user_719,1191,753,69,0.408,14.3,greedy
user_720,1329,236,8,0.27,51.4,dp
user_721,800,754,34,0.218,21.0,dp
user_722,808,742,48,0.589,28.2,dp
user_723,1514,445,56,0.36,34.4,strings
user_724,1275,431,76,0.521,9.6,trees
user_725,1146,563,65,0.579,16.7,implementation
user_726,1218,30,31,0.533,41.5,math
user_727,1345,563,4,0.27,22.8,greedy
user_728,1030,406,50,0.462,35.0,implementation
user_729,959,634,69,0.443,20.5,strings
user_730,1285,114,30,0.605,24.0,strings
user_731,903,201,88,0.35,42.9,math
user_732,1369,26,59,0.373,29.4,dp
user_733,800,129,67,0.228,21.6,trees
user_734,1650,402,75,0.164,18.2,math
user_735,1396,434,45,0.552,19.1,implementation
user_736,1308,138,4,0.538,37.4,implementation
user_737,1627,139,26,0.395,32.7,math
user_738,1997,581,27,0.454,13.5,strings
user_739,1643,569,46,0.341,25.9,greedy
user_740,800,38,64,0.661,24.3,graphs
user_741,825,106,91,0.485,28.2,trees
user_742,1004,19,51,0.653,19.0,implementation
user_743,1221,251,50,0.203,36.0,implementation
user_744,1415,241,6,0.559,25.0,math
user_745,974,798,59,0.22,28.7,trees
user_746,1281,293,15,0.271,17.2,math
user_747,966,724,30,0.473,17.7,dp
user_748,1008,768,42,0.669,51.6,trees
user_749,800,785,37,0.415,43.0,dp
user_750,918,735,42,0.307,24.3,implementation
user_751,807,209,35,0.3,40.3,strings
user_752,904,88,87,0.087,37.1,dp
user_753,1662,182,6,0.31,18.7,trees
user_754,911,476,68,0.16,17.8,binary search
user_755,2669,590,18,0.402,31.7,trees
user_756,1405,425,73,0.344,27.6,math
user_757,1281,458,29,0.133,21.0,dp
user_758,936,96,77,0.275,32.2,greedy
user_759,1495,110,59,0.227,10.6,binary search
user_760,1019,17,47,0.627,26.2,strings
user_761,1257,209,17,0.24,12.6,graphs
user_762,2612,514,96,0.471,12.9,math
user_763,1177,96,22,0.451,17.9,math
user_764,1710,52,68,0.262,28.6,greedy
user_765,981,394,69,0.245,18.2,graphs
user_766,1199,630,37,0.427,12.8,implementation
user_767,2061,444,49,0.163,29.8,graphs
user_768,1004,417,13,0.147,39.9,strings
user_769,2087,492,34,0.167,31.4,strings
user_770,1498,673,86,0.434,43.0,binary search
user_771,1023,26,53,0.681,39.1,implementation
user_772,1465,654,87,0.11,20.1,math
user_773,1622,157,51,0.293,31.3,dp
user_774,1460,286,3,0.065,24.1,strings
user_775,800,241,42,0.283,35.6,greedy
user_776,974,375,98,0.385,24.1,greedy
user_777,1125,237,32,0.177,17.1,greedy
user_778,1185,660,51,0.339,38.7,trees
user_779,1460,445,85,0.09,28.2,implementation
user_780,1278,408,46,0.075,18.4,implementation
user_781,811,220,21,0.352,20.0,strings
user_782,1358,400,44,0.406,18.3,strings
user_783,1455,508,11,0.44,15.0,greedy
user_784,1433,549,68,0.799,20.2,implementation
user_785,1676,572,1,0.561,28.7,implementation
user_786,1556,500,92,0.124,25.6,strings
user_787,1390,451,63,0.448,20.6,trees
user_788,1186,270,24,0.312,40.0,dp
user_789,800,782,99,0.325,5.0,dp
user_790,1378,359,13,0.291,28.1,binary search
user_791,1289,361,98,0.26,23.6,implementation
user_792,1314,529,11,0.024,15.3,math
user_793,826,329,51,0.375,28.6,dp
user_794,876,147,17,0.404,22.8,binary search
user_795,1662,559,99,0.632,37.5,graphs
user_796,1197,632,82,0.776,33.7,math
user_797,1486,377,86,0.389,44.1,implementation
user_798,1222,229,24,0.459,20.2,dp
user_799,1222,346,19,0.573,39.0,trees
user_800,1605,232,37,0.561,13.3,graphs
user_801,1038,657,85,0.317,23.9,binary search
user_802,1247,777,8,0.595,20.3,dp
user_803,1055,369,28,0.847,31.0,implementation
user_804,1063,338,5,0.646,30.8,dp
user_805,1104,472,17,0.366,16.0,strings
user_806,1295,570,36,0.31,31.6,graphs
user_807,1049,391,19,0.561,21.2,dp
user_808,1766,599,64,0.055,16.8,greedy
user_809,926,626,91,0.26,24.9,trees
user_810,1145,178,98,0.232,10.2,strings
user_811,1062,226,11,0.359,34.3,strings
user_812,1870,387,54,0.447,24.4,dp
user_813,1285,128,45,0.106,24.7,trees
user_814,1651,199,47,0.498,24.1,strings
user_815,800,776,12,0.134,41.5,math
user_816,1313,379,21,0.634,40.2,graphs
user_817,1582,787,11,0.631,38.5,math
user_818,1242,158,92,0.208,24.1,binary search
user_819,1668,685,5,0.207,13.8,math
user_820,1037,661,81,0.176,24.8,trees
user_821,1849,497,56,0.221,28.1,greedy
user_822,2415,779,20,0.58,33.1,strings
user_823,1086,383,41,0.211,28.1,trees
user_824,1060,790,46,0.692,14.7,strings
user_825,1874,702,12,0.368,19.6,implementation
user_826,1946,169,70,0.393,18.7,greedy
user_827,1036,360,17,0.82,30.4,strings
user_828,1068,297,19,0.676,30.6,math
user_829,1113,297,26,0.149,31.9,implementation
user_830,809,235,48,0.483,28.0,implementation
user_831,920,532,52,0.358,5.0,binary search
user_832,896,531,96,0.141,7.7,implementation
user_833,962,792,70,0.077,23.6,implementation
user_834,1199,282,55,0.467,26.0,dp
user_835,1300,411,75,0.151,37.5,greedy
user_836,1929,192,33,0.456,25.8,math
user_837,898,674,62,0.455,15.2,trees
user_838,1628,497,88,0.596,31.6,math
user_839,1136,133,23,0.487,24.8,math
user_840,1194,635,15,0.402,21.0,dp
user_841,1483,799,27,0.468,8.9,graphs
user_842,865,423,75,0.596,25.9,strings
user_843,1359,734,64,0.472,27.3,strings
user_844,1274,181,81,0.569,15.0,trees
user_845,1404,297,51,0.478,32.4,implementation
user_846,1321,444,53,0.1,31.5,binary search
user_847,2531,695,78,0.528,25.5,trees
user_848,1000,122,91,0.32,25.1,graphs
user_849,1033,131,82,0.613,34.5,strings
user_850,1005,553,92,0.368,28.7,binary search
user_851,1025,231,51,0.298,18.0,trees
user_852,1001,640,47,0.348,23.0,binary search
user_853,1731,48,4,0.252,30.6,math
user_854,1855,506,7,0.333,5.0,greedy
user_855,1021,789,35,0.124,15.7,math
user_856,944,242,48,0.723,31.8,dp
user_857,1396,539,73,0.552,37.1,implementation
user_858,1026,158,72,0.774,35.2,strings
user_859,1465,406,45,0.578,33.9,binary search
user_860,1288,670,81,0.026,26.3,trees
user_861,800,647,81,0.445,14.7,implementation
user_862,1928,311,97,0.46,23.0,greedy
user_863,2077,369,96,0.116,5.1,trees
user_864,1008,247,72,0.452,38.0,strings
user_865,1078,656,19,0.125,16.8,binary search
user_866,1320,672,63,0.254,19.7,binary search
user_867,1339,245,38,0.666,35.6,math
user_868,1476,745,67,0.207,8.9,greedy
user_869,2215,212,59,0.48,13.1,greedy
user_870,1149,265,69,0.049,27.7,strings
user_871,953,607,13,0.656,30.2,binary search
user_872,801,671,47,0.435,24.3,implementation
user_873,973,244,61,0.263,24.6,greedy
user_874,1199,354,31,0.493,37.7,greedy
user_875,2076,543,80,0.772,31.4,trees
user_876,1037,790,96,0.251,30.0,strings
user_877,1296,475,22,0.175,32.8,math
user_878,1206,779,93,0.57,22.0,trees
user_879,1731,550,86,0.218,46.7,trees
user_880,2586,222,43,0.263,5.0,graphs
user_881,1033,472,67,0.665,39.6,dp
user_882,1046,445,54,0.273,34.0,graphs
user_883,1657,292,10,0.484,27.5,greedy
user_884,1487,571,42,0.512,25.8,binary search
user_885,2109,616,64,0.374,23.4,dp
user_886,1444,472,21,0.022,36.0,dp
user_887,1088,416,80,0.587,24.6,binary search
user_888,1446,97,76,0.337,17.7,dp
user_889,1690,53,66,0.825,34.0,binary search
user_890,1550,470,41,0.536,40.8,dp
user_891,1411,287,24,0.329,5.7,trees
user_892,1669,692,35,0.01,48.6,implementation
user_893,1721,430,56,0.137,14.6,strings
user_894,1834,710,30,0.559,15.4,strings
user_895,1472,362,57,0.237,12.6,graphs
user_896,1152,705,94,0.207,25.0,trees
user_897,1266,524,47,0.201,12.2,dp
user_898,1740,712,35,0.494,13.4,math
user_899,948,639,19,0.3,18.1,binary search
user_900,1353,28,8,0.289,26.4,trees
user_901,1077,32,26,0.163,27.3,dp
user_902,1222,422,71,0.768,37.4,strings
user_903,1778,39,30,0.191,37.2,strings
user_904,1283,117,7,0.45,35.2,binary search
user_905,1228,376,67,0.702,22.4,math
user_906,805,290,65,0.83,6.6,dp
user_907,1516,137,36,0.571,6.4,dp
user_908,1470,238,25,0.119,35.2,math
user_909,2319,120,37,0.495,33.4,math
user_910,1105,145,1,0.694,18.8,math
user_911,1294,371,15,0.297,10.6,strings
user_912,1306,195,37,0.383,14.5,binary search
user_913,1945,665,13,0.299,26.7,trees
user_914,1177,593,8,0.699,26.8,implementation
user_915,1317,138,5,0.445,35.4,math
user_916,1454,270,60,0.761,20.5,binary search
user_917,1281,524,73,0.08,22.6,graphs
user_918,1060,458,1,0.101,36.3,dp
user_919,1284,113,36,0.638,5.0,dp
user_920,1672,492,35,0.261,28.2,implementation
user_921,890,233,66,0.172,21.7,implementation
user_922,1261,500,63,0.421,32.1,greedy
user_923,982,482,23,0.697,30.1,graphs
user_924,1734,19,9,0.691,18.0,trees
user_925,800,414,34,0.09,19.9,implementation
user_926,1024,311,46,0.316,5.0,math
user_927,1357,240,78,0.047,32.5,math
user_928,1938,740,4,0.188,27.4,trees
user_929,1188,75,30,0.28,39.0,strings
user_930,1026,121,95,0.472,21.0,graphs
user_931,2131,22,75,0.244,34.1,math
user_932,800,402,99,0.571,14.3,implementation
user_933,800,509,72,0.48,5.0,greedy
user_934,1382,607,3,0.313,24.1,binary search
user_935,1042,243,14,0.437,19.3,dp
user_936,892,611,60,0.71,14.5,graphs
user_937,1498,323,77,0.205,34.0,dp
user_938,1303,575,45,0.399,37.1,binary search
user_939,1023,21,96,0.561,26.1,graphs
user_940,825,218,34,0.501,23.2,implementation
user_941,1574,23,45,0.47,25.6,binary search
user_942,1473,642,61,0.279,18.5,math
user_943,1176,427,83,0.308,30.6,trees
user_944,2109,446,16,0.502,9.6,math
user_945,879,386,66,0.753,14.3,implementation
user_946,800,29,40,0.236,17.1,trees
user_947,984,596,17,0.493,30.4,math
user_948,1195,764,34,0.255,22.0,binary search
user_949,1303,744,16,0.653,38.6,binary search
user_950,1127,79,60,0.574,33.0,binary search
user_951,1346,220,66,0.61,17.0,dp
user_952,832,110,66,0.181,31.3,implementation
user_953,1868,707,90,0.718,20.9,binary search
user_954,1182,141,13,0.09,29.7,math
user_955,1694,632,56,0.225,33.5,greedy
user_956,1343,390,31,0.122,36.1,implementation
user_957,1389,141,34,0.523,27.0,binary search
user_958,1437,29,39,0.297,41.0,greedy
user_959,1386,545,67,0.356,29.4,trees
user_960,1469,236,8,0.325,26.4,math
user_961,1805,163,87,0.194,22.0,binary search
user_962,1285,751,78,0.235,18.7,dp
user_963,1499,478,55,0.509,29.2,dp
user_964,1179,414,27,0.541,26.0,trees
user_965,1866,211,93,0.108,27.6,greedy
user_966,989,47,53,0.899,29.8,strings
user_967,2080,781,39,0.805,27.6,dp
user_968,1197,197,65,0.196,45.1,implementation
user_969,800,66,17,0.349,19.7,dp
user_970,1259,29,30,0.101,29.3,dp
user_971,988,282,53,0.077,22.7,math
user_972,1559,128,13,0.658,5.0,dp
user_973,996,592,21,0.341,23.1,graphs
user_974,1060,525,19,0.723,15.6,binary search
user_975,800,230,53,0.365,24.3,trees
user_976,1058,535,19,0.167,24.7,dp
user_977,800,524,57,0.226,28.9,strings
user_978,800,737,25,0.286,19.7,implementation
user_979,1522,750,86,0.504,20.9,strings
user_980,1534,345,31,0.296,32.0,dp
user_981,1376,707,81,0.428,16.9,dp
user_982,906,64,55,0.267,6.6,graphs
user_983,1194,509,23,0.267,26.6,dp
user_984,1210,775,32,0.118,35.7,dp
user_985,856,545,62,0.173,31.9,binary search
user_986,1902,171,74,0.696,26.8,strings
user_987,1576,679,10,0.33,37.5,graphs
user_988,1134,603,72,0.357,35.8,strings
user_989,1221,168,54,0.656,21.7,graphs
user_990,1290,197,52,0.712,27.5,strings
user_991,800,69,20,0.08,27.9,dp
user_992,1125,328,32,0.297,24.1,strings
user_993,987,220,14,0.347,36.3,strings
user_994,897,415,50,0.356,23.5,graphs
user_995,1113,673,28,0.228,20.0,trees
user_996,2078,118,53,0.056,5.0,greedy
user_997,1468,85,24,0.404,17.0,graphs
user_998,1021,551,79,0.416,11.8,graphs
user_999,1439,323,22,0.274,24.6,graphs
